-- Insert users
INSERT INTO USERS (id, username, password, email, balance, user_type, created_at, updated_at)
VALUES
    (1, 'john_doe', 'password123', 'john@example.com', 10000.00, 'GUEST', '2024-07-15 08:00:00', '2024-07-15 08:00:00'),
    (2, 'jane_smith', 'securepass', 'jane@example.com', 15000.00, 'ADMIN', '2024-07-16 09:30:00', '2024-07-16 09:30:00'),
    (3, 'alice_jones', 'alicepass', 'alice@example.com', 20000.00, 'BASIC_USER', '2024-07-17 11:15:00', '2024-07-17 11:15:00'),
    (4, 'bob_brown', 'bobbypass', 'bob@example.com', 5000.00, 'ADVANCED_USER', '2024-07-18 13:45:00', '2024-07-18 13:45:00'),
    (5, 'carol_white', 'carolpass', 'carol@example.com', 8000.00, 'GUEST', '2024-07-19 10:30:00', '2024-07-19 10:30:00');

-- Insert portfolios
INSERT INTO portfolio (id, name, total_value, user_id, created_at, updated_at)
VALUES
    (1, 'Retirement Fund', 5000.00, 1, '2024-07-15 08:30:00', '2024-07-15 08:30:00'),
    (2, 'Growth Portfolio', 10000.00, 1, '2024-07-15 08:45:00', '2024-07-15 08:45:00'),
    (3, 'High Risk Fund', 7000.00, 1, '2024-07-15 09:00:00', '2024-07-15 09:00:00'),
    (4, 'Savings Account', 3000.00, 2, '2024-07-16 09:45:00', '2024-07-16 09:45:00'),
    (5, 'Investment Trust', 6000.00, 2, '2024-07-16 10:00:00', '2024-07-16 10:00:00'),
    (6, 'Balanced Portfolio', 8000.00, 2, '2024-07-16 10:15:00', '2024-07-16 10:15:00'),
    (7, 'Retirement Fund', 4000.00, 3, '2024-07-17 11:30:00', '2024-07-17 11:30:00'),
    (8, 'Growth Portfolio', 9000.00, 3, '2024-07-17 11:45:00', '2024-07-17 11:45:00'),
    (9, 'High Risk Fund', 7000.00, 3, '2024-07-17 12:00:00', '2024-07-17 12:00:00'),
    (10, 'Savings Account', 3500.00, 4, '2024-07-18 14:00:00', '2024-07-18 14:00:00'),
    (11, 'Investment Trust', 7000.00, 4, '2024-07-18 14:15:00', '2024-07-18 14:15:00'),
    (12, 'Balanced Portfolio', 7500.00, 4, '2024-07-18 14:30:00', '2024-07-18 14:30:00'),
    (13, 'Retirement Fund', 5000.00, 5, '2024-07-19 11:00:00', '2024-07-19 11:00:00'),
    (14, 'Growth Portfolio', 10000.00, 5, '2024-07-19 11:15:00', '2024-07-19 11:15:00'),
    (15, 'High Risk Fund', 7000.00, 5, '2024-07-19 11:30:00', '2024-07-19 11:30:00');

-- Insert market data
INSERT INTO market_data (id, investment_type, symbol, current_price, last_update_date, low_price, high_price, volume, created_at, updated_at)
VALUES
    (1, 'STOCK', 'AAPL', 150.00, '2024-07-20 08:00:00', 145.00, 155.00, 1000000, '2024-07-20 08:00:00', '2024-07-20 08:00:00'),
    (2, 'BOND', 'US10Y', 100.00, '2024-07-20 09:00:00', 98.00, 102.00, 500000, '2024-07-20 09:00:00', '2024-07-20 09:00:00'),
    (3, 'STOCK', 'GOOGL', 2800.00, '2024-07-20 10:00:00', 2750.00, 2850.00, 800000, '2024-07-20 10:00:00', '2024-07-20 10:00:00'),
    (4, 'CRYPTO', 'BTC', 35000.00, '2024-07-20 11:00:00', 34000.00, 36000.00, 300000, '2024-07-20 11:00:00', '2024-07-20 11:00:00'),
    (5, 'STOCK', 'AMZN', 3400.00, '2024-07-20 12:00:00', 3300.00, 3500.00, 600000, '2024-07-20 12:00:00', '2024-07-20 12:00:00');
-- Insert assets
INSERT INTO asset (id, quantity, portfolio_id, market_data_id, created_at, updated_at)
VALUES
    (1, 50, 1, 1, '2024-07-15 08:45:00', '2024-07-15 08:45:00'),
    (2, 100, 1, 2, '2024-07-15 09:00:00', '2024-07-15 09:00:00'),
    (3, 20, 1, 3, '2024-07-15 09:15:00', '2024-07-15 09:15:00'),
    (4, 15, 2, 1, '2024-07-15 09:30:00', '2024-07-15 09:30:00'),
    (5, 30, 2, 2, '2024-07-15 09:45:00', '2024-07-15 09:45:00'),
    (6, 10, 2, 3, '2024-07-15 10:00:00', '2024-07-15 10:00:00'),
    (7, 5, 3, 1, '2024-07-15 10:15:00', '2024-07-15 10:15:00'),
    (8, 20, 3, 2, '2024-07-15 10:30:00', '2024-07-15 10:30:00'),
    (9, 15, 3, 3, '2024-07-15 10:45:00', '2024-07-15 10:45:00'),
    (10, 50, 4, 1, '2024-07-16 09:45:00', '2024-07-16 09:45:00'),
    (11, 100, 4, 2, '2024-07-16 10:00:00', '2024-07-16 10:00:00'),
    (12, 20, 4, 3, '2024-07-16 10:15:00', '2024-07-16 10:15:00'),
    (13, 15, 5, 1, '2024-07-16 10:30:00', '2024-07-16 10:30:00'),
    (14, 30, 5, 2, '2024-07-16 10:45:00', '2024-07-16 10:45:00'),
    (15, 10, 5, 3, '2024-07-16 11:00:00', '2024-07-16 11:00:00'),
    (16, 5, 6, 1, '2024-07-16 11:15:00', '2024-07-16 11:15:00'),
    (17, 20, 6, 2, '2024-07-16 11:30:00', '2024-07-16 11:30:00'),
    (18, 15, 6, 3, '2024-07-16 11:45:00', '2024-07-16 11:45:00'),
    (19, 50, 7, 1, '2024-07-17 11:30:00', '2024-07-17 11:30:00'),
    (20, 100, 7, 2, '2024-07-17 11:45:00', '2024-07-17 11:45:00'),
    (21, 20, 7, 3, '2024-07-17 12:00:00', '2024-07-17 12:00:00'),
    (22, 15, 8, 1, '2024-07-17 12:15:00', '2024-07-17 12:15:00'),
    (23, 30, 8, 2, '2024-07-17 12:30:00', '2024-07-17 12:30:00'),
    (24, 10, 8, 3, '2024-07-17 12:45:00', '2024-07-17 12:45:00'),
    (25, 5, 9, 1, '2024-07-17 13:00:00', '2024-07-17 13:00:00'),
    (26, 20, 9, 2, '2024-07-17 13:15:00', '2024-07-17 13:15:00'),
    (27, 15, 9, 3, '2024-07-17 13:30:00', '2024-07-17 13:30:00'),
    (28, 50, 10, 1, '2024-07-18 14:00:00', '2024-07-18 14:00:00'),
    (29, 100, 10, 2, '2024-07-18 14:15:00', '2024-07-18 14:15:00'),
    (30, 20, 10, 3, '2024-07-18 14:30:00', '2024-07-18 14:30:00'),
    (31, 15, 11, 1, '2024-07-18 14:45:00', '2024-07-18 14:45:00'),
    (32, 30, 11, 2, '2024-07-18 15:00:00', '2024-07-18 15:00:00'),
    (33, 10, 11, 3, '2024-07-18 15:15:00', '2024-07-18 15:15:00'),
    (34, 5, 12, 1, '2024-07-18 15:30:00', '2024-07-18 15:30:00'),
    (35, 20, 12, 2, '2024-07-18 15:45:00', '2024-07-18 15:45:00'),
    (36, 15, 12, 3, '2024-07-18 16:00:00', '2024-07-18 16:00:00'),
    (37, 50, 13, 1, '2024-07-19 11:00:00', '2024-07-19 11:00:00'),
    (38, 100, 13, 2, '2024-07-19 11:15:00', '2024-07-19 11:15:00'),
    (39, 20, 13, 3, '2024-07-19 11:30:00', '2024-07-19 11:30:00'),
    (40, 15, 14, 1, '2024-07-19 11:45:00', '2024-07-19 11:45:00'),
    (41, 30, 14, 2, '2024-07-19 12:00:00', '2024-07-19 12:00:00'),
    (42, 10, 14, 3, '2024-07-19 12:15:00', '2024-07-19 12:15:00'),
    (43, 5, 15, 1, '2024-07-19 12:30:00', '2024-07-19 12:30:00'),
    (44, 20, 15, 2, '2024-07-19 12:45:00', '2024-07-19 12:45:00'),
    (45, 15, 15, 3, '2024-07-19 13:00:00', '2024-07-19 13:00:00');
-- Insert orders
INSERT INTO orders (id, transaction_type, order_status, quantity, price, date_created_order, user_id, market_data_id, asset_id, created_at, updated_at)
VALUES
    (1, 'BUY', 'OPEN', 10, 150.00, '2024-07-20 08:15:00', 1, 1, 1, '2024-07-20 08:15:00', '2024-07-20 08:15:00'),
    (2, 'SELL', 'EXECUTED', 5, 100.00, '2024-07-20 09:30:00', 2, 2, 2, '2024-07-20 09:30:00', '2024-07-20 09:30:00'),
    (3, 'BUY', 'CANCELED', 3, 2800.00, '2024-07-20 10:45:00', 3, 3, 3, '2024-07-20 10:45:00', '2024-07-20 10:45:00'),
    (4, 'SELL', 'OPEN', 1, 35000.00, '2024-07-20 11:30:00', 4, 4, 4, '2024-07-20 11:30:00', '2024-07-20 11:30:00'),
    (5, 'BUY', 'EXECUTED', 2, 3400.00, '2024-07-20 12:15:00', 5, 5, 5, '2024-07-20 12:15:00', '2024-07-20 12:15:00'),
    (6, 'BUY', 'CANCELED', 5, 150.00, '2024-07-20 08:30:00', 1, 1, 6, '2024-07-20 08:30:00', '2024-07-20 08:30:00'),
    (7, 'SELL', 'OPEN', 10, 150.00, '2024-07-20 09:45:00', 2, 1, 7, '2024-07-20 09:45:00', '2024-07-20 09:45:00'),
    (8, 'BUY', 'CANCELED', 1, 3400.00, '2024-07-20 10:00:00', 3, 5, 8, '2024-07-20 10:00:00', '2024-07-20 10:00:00');
